generator,scenario,timepoint,Dispatch_MW
cats_528,1,2035-01-01T00:00:00.000000-0800,0.0
cats_529,1,2035-01-01T00:00:00.000000-0800,0.0
cats_530,1,2035-01-01T00:00:00.000000-0800,0.079
cats_531,1,2035-01-01T00:00:00.000000-0800,0.0
cats_532,1,2035-01-01T00:00:00.000000-0800,0.0
cats_533,1,2035-01-01T00:00:00.000000-0800,0.0
cats_534,1,2035-01-01T00:00:00.000000-0800,0.22
cats_535,1,2035-01-01T00:00:00.000000-0800,0.0
cats_536,1,2035-01-01T00:00:00.000000-0800,0.3
cats_537,1,2035-01-01T00:00:00.000000-0800,0.006000000000000005
cats_538,1,2035-01-01T00:00:00.000000-0800,0.0
cats_539,1,2035-01-01T00:00:00.000000-0800,0.0
cats_540,1,2035-01-01T00:00:00.000000-0800,0.0
cats_541,1,2035-01-01T00:00:00.000000-0800,0.0
cats_542,1,2035-01-01T00:00:00.000000-0800,0.0
cats_543,1,2035-01-01T00:00:00.000000-0800,0.0
cats_544,1,2035-01-01T00:00:00.000000-0800,0.0
cats_545,1,2035-01-01T00:00:00.000000-0800,0.0
cats_546,1,2035-01-01T00:00:00.000000-0800,0.0
cats_547,1,2035-01-01T00:00:00.000000-0800,0.0
cats_548,1,2035-01-01T00:00:00.000000-0800,0.0
cats_549,1,2035-01-01T00:00:00.000000-0800,0.0
cats_550,1,2035-01-01T00:00:00.000000-0800,0.0
cats_551,1,2035-01-01T00:00:00.000000-0800,0.0
cats_552,1,2035-01-01T00:00:00.000000-0800,1.5
cats_553,1,2035-01-01T00:00:00.000000-0800,0.0
cats_554,1,2035-01-01T00:00:00.000000-0800,0.0
cats_555,1,2035-01-01T00:00:00.000000-0800,0.0
cats_556,1,2035-01-01T00:00:00.000000-0800,0.0
cats_557,1,2035-01-01T00:00:00.000000-0800,0.0
cats_558,1,2035-01-01T00:00:00.000000-0800,0.0
cats_559,1,2035-01-01T00:00:00.000000-0800,0.0
cats_560,1,2035-01-01T00:00:00.000000-0800,0.0
cats_561,1,2035-01-01T00:00:00.000000-0800,0.0
cats_562,1,2035-01-01T00:00:00.000000-0800,0.0
cats_563,1,2035-01-01T00:00:00.000000-0800,0.0
cats_564,1,2035-01-01T00:00:00.000000-0800,0.0
cats_565,1,2035-01-01T00:00:00.000000-0800,0.0
cats_566,1,2035-01-01T00:00:00.000000-0800,0.0
cats_567,1,2035-01-01T00:00:00.000000-0800,0.0
cats_568,1,2035-01-01T00:00:00.000000-0800,0.0
cats_569,1,2035-01-01T00:00:00.000000-0800,0.0
cats_570,1,2035-01-01T00:00:00.000000-0800,0.0
cats_571,1,2035-01-01T00:00:00.000000-0800,0.0
cats_572,1,2035-01-01T00:00:00.000000-0800,0.0
cats_573,1,2035-01-01T00:00:00.000000-0800,0.0
cats_574,1,2035-01-01T00:00:00.000000-0800,0.0
cats_575,1,2035-01-01T00:00:00.000000-0800,0.0
cats_576,1,2035-01-01T00:00:00.000000-0800,0.0
cats_577,1,2035-01-01T00:00:00.000000-0800,0.3524999999999999
cats_578,1,2035-01-01T00:00:00.000000-0800,0.3055
cats_579,1,2035-01-01T00:00:00.000000-0800,5.640000000000001
cats_580,1,2035-01-01T00:00:00.000000-0800,4.172000000000001
cats_581,1,2035-01-01T00:00:00.000000-0800,2.0300000000000002
cats_582,1,2035-01-01T00:00:00.000000-0800,0.21000000000000002
cats_583,1,2035-01-01T00:00:00.000000-0800,3.276
cats_584,1,2035-01-01T00:00:00.000000-0800,0.0
cats_585,1,2035-01-01T00:00:00.000000-0800,12.739199999999999
cats_586,1,2035-01-01T00:00:00.000000-0800,0.0
cats_587,1,2035-01-01T00:00:00.000000-0800,0.0
cats_588,1,2035-01-01T00:00:00.000000-0800,0.0
cats_589,1,2035-01-01T00:00:00.000000-0800,3.4499999999999997
cats_590,1,2035-01-01T00:00:00.000000-0800,0.0
cats_591,1,2035-01-01T00:00:00.000000-0800,0.0
cats_592,1,2035-01-01T00:00:00.000000-0800,0.0
cats_593,1,2035-01-01T00:00:00.000000-0800,0.0
cats_594,1,2035-01-01T00:00:00.000000-0800,0.0
cats_595,1,2035-01-01T00:00:00.000000-0800,9.261000000000001
cats_596,1,2035-01-01T00:00:00.000000-0800,7.433300000000001
cats_597,1,2035-01-01T00:00:00.000000-0800,2.4681999999999995
cats_598,1,2035-01-01T00:00:00.000000-0800,5.535
cats_599,1,2035-01-01T00:00:00.000000-0800,6.6419999999999995
cats_600,1,2035-01-01T00:00:00.000000-0800,0.0
cats_601,1,2035-01-01T00:00:00.000000-0800,0.0
cats_602,1,2035-01-01T00:00:00.000000-0800,0.0
cats_603,1,2035-01-01T00:00:00.000000-0800,0.0
cats_604,1,2035-01-01T00:00:00.000000-0800,0.0
cats_605,1,2035-01-01T00:00:00.000000-0800,0.0
cats_606,1,2035-01-01T00:00:00.000000-0800,0.0
cats_607,1,2035-01-01T00:00:00.000000-0800,0.0
cats_608,1,2035-01-01T00:00:00.000000-0800,0.0
cats_609,1,2035-01-01T00:00:00.000000-0800,0.0
cats_610,1,2035-01-01T00:00:00.000000-0800,0.0
cats_611,1,2035-01-01T00:00:00.000000-0800,0.0
cats_612,1,2035-01-01T00:00:00.000000-0800,0.0
cats_613,1,2035-01-01T00:00:00.000000-0800,0.5814
cats_614,1,2035-01-01T00:00:00.000000-0800,0.5814
cats_615,1,2035-01-01T00:00:00.000000-0800,0.25
cats_616,1,2035-01-01T00:00:00.000000-0800,0.44999999999999996
cats_617,1,2035-01-01T00:00:00.000000-0800,0.0
cats_618,1,2035-01-01T00:00:00.000000-0800,0.0
cats_619,1,2035-01-01T00:00:00.000000-0800,0.0
cats_620,1,2035-01-01T00:00:00.000000-0800,0.0
cats_621,1,2035-01-01T00:00:00.000000-0800,0.0
cats_622,1,2035-01-01T00:00:00.000000-0800,0.0
cats_623,1,2035-01-01T00:00:00.000000-0800,0.0
cats_624,1,2035-01-01T00:00:00.000000-0800,0.0
cats_625,1,2035-01-01T00:00:00.000000-0800,0.0
cats_626,1,2035-01-01T00:00:00.000000-0800,0.0
cats_627,1,2035-01-01T00:00:00.000000-0800,0.0
cats_628,1,2035-01-01T00:00:00.000000-0800,0.0
cats_629,1,2035-01-01T00:00:00.000000-0800,0.0
cats_630,1,2035-01-01T00:00:00.000000-0800,0.0
cats_631,1,2035-01-01T00:00:00.000000-0800,0.253
cats_632,1,2035-01-01T00:00:00.000000-0800,1.4167999999999998
cats_755,1,2035-01-01T00:00:00.000000-0800,0.0
cats_756,1,2035-01-01T00:00:00.000000-0800,0.0
cats_757,1,2035-01-01T00:00:00.000000-0800,0.0
cats_758,1,2035-01-01T00:00:00.000000-0800,0.0
cats_759,1,2035-01-01T00:00:00.000000-0800,0.0
cats_760,1,2035-01-01T00:00:00.000000-0800,0.0
cats_761,1,2035-01-01T00:00:00.000000-0800,0.0
cats_762,1,2035-01-01T00:00:00.000000-0800,0.0
cats_763,1,2035-01-01T00:00:00.000000-0800,0.0
cats_764,1,2035-01-01T00:00:00.000000-0800,0.0
cats_765,1,2035-01-01T00:00:00.000000-0800,0.0
cats_766,1,2035-01-01T00:00:00.000000-0800,0.0
cats_767,1,2035-01-01T00:00:00.000000-0800,0.0
cats_768,1,2035-01-01T00:00:00.000000-0800,0.0
cats_769,1,2035-01-01T00:00:00.000000-0800,0.0
cats_770,1,2035-01-01T00:00:00.000000-0800,0.0
cats_771,1,2035-01-01T00:00:00.000000-0800,0.0
cats_772,1,2035-01-01T00:00:00.000000-0800,0.0
cats_773,1,2035-01-01T00:00:00.000000-0800,0.0
cats_774,1,2035-01-01T00:00:00.000000-0800,0.0
cats_775,1,2035-01-01T00:00:00.000000-0800,0.0
cats_776,1,2035-01-01T00:00:00.000000-0800,0.0
cats_777,1,2035-01-01T00:00:00.000000-0800,0.0
cats_778,1,2035-01-01T00:00:00.000000-0800,0.0
cats_779,1,2035-01-01T00:00:00.000000-0800,0.0
cats_780,1,2035-01-01T00:00:00.000000-0800,0.0
cats_781,1,2035-01-01T00:00:00.000000-0800,0.0
cats_782,1,2035-01-01T00:00:00.000000-0800,0.0
cats_783,1,2035-01-01T00:00:00.000000-0800,0.0
cats_784,1,2035-01-01T00:00:00.000000-0800,0.0
cats_785,1,2035-01-01T00:00:00.000000-0800,0.0
cats_786,1,2035-01-01T00:00:00.000000-0800,0.0
cats_787,1,2035-01-01T00:00:00.000000-0800,0.0
cats_788,1,2035-01-01T00:00:00.000000-0800,0.0
cats_789,1,2035-01-01T00:00:00.000000-0800,0.0
cats_790,1,2035-01-01T00:00:00.000000-0800,0.0
cats_791,1,2035-01-01T00:00:00.000000-0800,0.0
cats_792,1,2035-01-01T00:00:00.000000-0800,0.0
cats_793,1,2035-01-01T00:00:00.000000-0800,0.0
cats_794,1,2035-01-01T00:00:00.000000-0800,0.0
cats_795,1,2035-01-01T00:00:00.000000-0800,0.0
cats_796,1,2035-01-01T00:00:00.000000-0800,0.0
cats_797,1,2035-01-01T00:00:00.000000-0800,0.0
cats_798,1,2035-01-01T00:00:00.000000-0800,0.0
cats_799,1,2035-01-01T00:00:00.000000-0800,0.0
cats_800,1,2035-01-01T00:00:00.000000-0800,0.0
cats_801,1,2035-01-01T00:00:00.000000-0800,0.0
cats_802,1,2035-01-01T00:00:00.000000-0800,0.0
cats_803,1,2035-01-01T00:00:00.000000-0800,0.0
cats_804,1,2035-01-01T00:00:00.000000-0800,0.0
cats_805,1,2035-01-01T00:00:00.000000-0800,0.0
cats_806,1,2035-01-01T00:00:00.000000-0800,0.0
cats_807,1,2035-01-01T00:00:00.000000-0800,0.0
cats_808,1,2035-01-01T00:00:00.000000-0800,0.0
cats_809,1,2035-01-01T00:00:00.000000-0800,0.0
cats_810,1,2035-01-01T00:00:00.000000-0800,0.0
cats_811,1,2035-01-01T00:00:00.000000-0800,0.0
cats_812,1,2035-01-01T00:00:00.000000-0800,0.0
cats_813,1,2035-01-01T00:00:00.000000-0800,0.0
cats_814,1,2035-01-01T00:00:00.000000-0800,0.0
cats_815,1,2035-01-01T00:00:00.000000-0800,0.0
cats_816,1,2035-01-01T00:00:00.000000-0800,0.0
cats_817,1,2035-01-01T00:00:00.000000-0800,0.0
cats_818,1,2035-01-01T00:00:00.000000-0800,0.0
cats_819,1,2035-01-01T00:00:00.000000-0800,0.0
cats_820,1,2035-01-01T00:00:00.000000-0800,0.0
cats_821,1,2035-01-01T00:00:00.000000-0800,0.0
cats_822,1,2035-01-01T00:00:00.000000-0800,0.0
cats_823,1,2035-01-01T00:00:00.000000-0800,0.0
cats_824,1,2035-01-01T00:00:00.000000-0800,0.0
cats_825,1,2035-01-01T00:00:00.000000-0800,0.0
cats_826,1,2035-01-01T00:00:00.000000-0800,0.0
cats_827,1,2035-01-01T00:00:00.000000-0800,0.0
cats_828,1,2035-01-01T00:00:00.000000-0800,0.0
cats_829,1,2035-01-01T00:00:00.000000-0800,0.0
cats_830,1,2035-01-01T00:00:00.000000-0800,0.0
cats_831,1,2035-01-01T00:00:00.000000-0800,0.0
cats_832,1,2035-01-01T00:00:00.000000-0800,0.0
cats_833,1,2035-01-01T00:00:00.000000-0800,0.0
cats_834,1,2035-01-01T00:00:00.000000-0800,0.0
cats_835,1,2035-01-01T00:00:00.000000-0800,0.0
cats_836,1,2035-01-01T00:00:00.000000-0800,0.0
cats_837,1,2035-01-01T00:00:00.000000-0800,0.0
cats_838,1,2035-01-01T00:00:00.000000-0800,0.0
cats_839,1,2035-01-01T00:00:00.000000-0800,0.0
cats_840,1,2035-01-01T00:00:00.000000-0800,0.0
cats_841,1,2035-01-01T00:00:00.000000-0800,0.0
cats_842,1,2035-01-01T00:00:00.000000-0800,0.0
cats_843,1,2035-01-01T00:00:00.000000-0800,0.0
cats_844,1,2035-01-01T00:00:00.000000-0800,0.0
cats_845,1,2035-01-01T00:00:00.000000-0800,0.0
cats_846,1,2035-01-01T00:00:00.000000-0800,0.0
cats_847,1,2035-01-01T00:00:00.000000-0800,0.0
cats_848,1,2035-01-01T00:00:00.000000-0800,0.0
cats_849,1,2035-01-01T00:00:00.000000-0800,0.0
cats_850,1,2035-01-01T00:00:00.000000-0800,0.0
cats_851,1,2035-01-01T00:00:00.000000-0800,0.0
cats_852,1,2035-01-01T00:00:00.000000-0800,0.0
cats_853,1,2035-01-01T00:00:00.000000-0800,0.0
cats_854,1,2035-01-01T00:00:00.000000-0800,0.0
cats_855,1,2035-01-01T00:00:00.000000-0800,0.0
cats_856,1,2035-01-01T00:00:00.000000-0800,0.0
cats_857,1,2035-01-01T00:00:00.000000-0800,0.0
cats_858,1,2035-01-01T00:00:00.000000-0800,0.0
cats_859,1,2035-01-01T00:00:00.000000-0800,0.0
cats_860,1,2035-01-01T00:00:00.000000-0800,0.0
cats_861,1,2035-01-01T00:00:00.000000-0800,0.0
cats_862,1,2035-01-01T00:00:00.000000-0800,0.0
cats_863,1,2035-01-01T00:00:00.000000-0800,0.0
cats_864,1,2035-01-01T00:00:00.000000-0800,0.0
cats_865,1,2035-01-01T00:00:00.000000-0800,0.0
cats_866,1,2035-01-01T00:00:00.000000-0800,0.0
cats_867,1,2035-01-01T00:00:00.000000-0800,0.0
cats_868,1,2035-01-01T00:00:00.000000-0800,0.0
cats_869,1,2035-01-01T00:00:00.000000-0800,0.0
cats_870,1,2035-01-01T00:00:00.000000-0800,0.0
cats_871,1,2035-01-01T00:00:00.000000-0800,0.0
cats_872,1,2035-01-01T00:00:00.000000-0800,0.0
cats_873,1,2035-01-01T00:00:00.000000-0800,0.0
cats_874,1,2035-01-01T00:00:00.000000-0800,0.0
cats_875,1,2035-01-01T00:00:00.000000-0800,0.0
cats_876,1,2035-01-01T00:00:00.000000-0800,0.0
cats_877,1,2035-01-01T00:00:00.000000-0800,0.0
cats_878,1,2035-01-01T00:00:00.000000-0800,0.0
cats_879,1,2035-01-01T00:00:00.000000-0800,0.0
cats_880,1,2035-01-01T00:00:00.000000-0800,0.0
cats_881,1,2035-01-01T00:00:00.000000-0800,0.0
cats_882,1,2035-01-01T00:00:00.000000-0800,0.0
cats_883,1,2035-01-01T00:00:00.000000-0800,0.0
cats_884,1,2035-01-01T00:00:00.000000-0800,0.0
cats_885,1,2035-01-01T00:00:00.000000-0800,0.0
cats_886,1,2035-01-01T00:00:00.000000-0800,0.0
cats_887,1,2035-01-01T00:00:00.000000-0800,0.0
cats_888,1,2035-01-01T00:00:00.000000-0800,0.0
cats_889,1,2035-01-01T00:00:00.000000-0800,0.0
cats_890,1,2035-01-01T00:00:00.000000-0800,0.0
cats_891,1,2035-01-01T00:00:00.000000-0800,0.0
cats_892,1,2035-01-01T00:00:00.000000-0800,0.0
cats_893,1,2035-01-01T00:00:00.000000-0800,0.0
cats_894,1,2035-01-01T00:00:00.000000-0800,0.0
cats_895,1,2035-01-01T00:00:00.000000-0800,0.0
cats_896,1,2035-01-01T00:00:00.000000-0800,0.0
cats_897,1,2035-01-01T00:00:00.000000-0800,0.0
cats_898,1,2035-01-01T00:00:00.000000-0800,0.0
cats_899,1,2035-01-01T00:00:00.000000-0800,0.0
cats_900,1,2035-01-01T00:00:00.000000-0800,0.0
cats_901,1,2035-01-01T00:00:00.000000-0800,0.0
cats_902,1,2035-01-01T00:00:00.000000-0800,0.0
cats_903,1,2035-01-01T00:00:00.000000-0800,0.0
cats_904,1,2035-01-01T00:00:00.000000-0800,0.0
cats_905,1,2035-01-01T00:00:00.000000-0800,0.0
cats_906,1,2035-01-01T00:00:00.000000-0800,0.0
cats_907,1,2035-01-01T00:00:00.000000-0800,0.0
cats_908,1,2035-01-01T00:00:00.000000-0800,0.0
cats_909,1,2035-01-01T00:00:00.000000-0800,0.0
cats_910,1,2035-01-01T00:00:00.000000-0800,0.0
cats_911,1,2035-01-01T00:00:00.000000-0800,0.0
cats_912,1,2035-01-01T00:00:00.000000-0800,0.0
cats_913,1,2035-01-01T00:00:00.000000-0800,0.0
cats_914,1,2035-01-01T00:00:00.000000-0800,0.0
cats_915,1,2035-01-01T00:00:00.000000-0800,0.0
cats_916,1,2035-01-01T00:00:00.000000-0800,0.0
cats_917,1,2035-01-01T00:00:00.000000-0800,0.0
cats_918,1,2035-01-01T00:00:00.000000-0800,0.0
cats_919,1,2035-01-01T00:00:00.000000-0800,0.0
cats_920,1,2035-01-01T00:00:00.000000-0800,0.0
cats_921,1,2035-01-01T00:00:00.000000-0800,0.0
cats_922,1,2035-01-01T00:00:00.000000-0800,0.0
cats_923,1,2035-01-01T00:00:00.000000-0800,0.0
cats_924,1,2035-01-01T00:00:00.000000-0800,0.0
cats_925,1,2035-01-01T00:00:00.000000-0800,0.0
cats_926,1,2035-01-01T00:00:00.000000-0800,0.0
cats_927,1,2035-01-01T00:00:00.000000-0800,0.0
cats_928,1,2035-01-01T00:00:00.000000-0800,0.0
cats_929,1,2035-01-01T00:00:00.000000-0800,0.0
cats_930,1,2035-01-01T00:00:00.000000-0800,0.0
cats_931,1,2035-01-01T00:00:00.000000-0800,0.0
cats_932,1,2035-01-01T00:00:00.000000-0800,0.0
cats_933,1,2035-01-01T00:00:00.000000-0800,0.0
cats_934,1,2035-01-01T00:00:00.000000-0800,0.0
cats_935,1,2035-01-01T00:00:00.000000-0800,0.0
cats_936,1,2035-01-01T00:00:00.000000-0800,0.0
cats_937,1,2035-01-01T00:00:00.000000-0800,0.0
cats_938,1,2035-01-01T00:00:00.000000-0800,0.0
cats_939,1,2035-01-01T00:00:00.000000-0800,0.0
cats_940,1,2035-01-01T00:00:00.000000-0800,0.0
cats_941,1,2035-01-01T00:00:00.000000-0800,0.0
cats_942,1,2035-01-01T00:00:00.000000-0800,0.0
cats_943,1,2035-01-01T00:00:00.000000-0800,0.0
cats_944,1,2035-01-01T00:00:00.000000-0800,0.0
cats_945,1,2035-01-01T00:00:00.000000-0800,0.0
cats_946,1,2035-01-01T00:00:00.000000-0800,0.0
cats_947,1,2035-01-01T00:00:00.000000-0800,0.0
cats_948,1,2035-01-01T00:00:00.000000-0800,0.0
cats_949,1,2035-01-01T00:00:00.000000-0800,0.0
cats_950,1,2035-01-01T00:00:00.000000-0800,0.0
cats_951,1,2035-01-01T00:00:00.000000-0800,0.0
cats_952,1,2035-01-01T00:00:00.000000-0800,0.0
cats_953,1,2035-01-01T00:00:00.000000-0800,0.0
cats_954,1,2035-01-01T00:00:00.000000-0800,0.0
cats_955,1,2035-01-01T00:00:00.000000-0800,0.0
cats_956,1,2035-01-01T00:00:00.000000-0800,0.0
cats_957,1,2035-01-01T00:00:00.000000-0800,0.0
cats_958,1,2035-01-01T00:00:00.000000-0800,0.0
cats_959,1,2035-01-01T00:00:00.000000-0800,0.0
cats_960,1,2035-01-01T00:00:00.000000-0800,0.0
cats_961,1,2035-01-01T00:00:00.000000-0800,0.0
cats_962,1,2035-01-01T00:00:00.000000-0800,0.0
cats_963,1,2035-01-01T00:00:00.000000-0800,0.0
cats_964,1,2035-01-01T00:00:00.000000-0800,0.0
cats_965,1,2035-01-01T00:00:00.000000-0800,0.0
cats_966,1,2035-01-01T00:00:00.000000-0800,0.0
cats_967,1,2035-01-01T00:00:00.000000-0800,0.0
cats_968,1,2035-01-01T00:00:00.000000-0800,0.0
cats_969,1,2035-01-01T00:00:00.000000-0800,0.0
cats_970,1,2035-01-01T00:00:00.000000-0800,0.0
cats_971,1,2035-01-01T00:00:00.000000-0800,0.0
cats_972,1,2035-01-01T00:00:00.000000-0800,0.0
cats_973,1,2035-01-01T00:00:00.000000-0800,0.0
cats_974,1,2035-01-01T00:00:00.000000-0800,0.0
cats_975,1,2035-01-01T00:00:00.000000-0800,0.0
cats_976,1,2035-01-01T00:00:00.000000-0800,0.0
cats_977,1,2035-01-01T00:00:00.000000-0800,0.0
cats_978,1,2035-01-01T00:00:00.000000-0800,0.0
cats_979,1,2035-01-01T00:00:00.000000-0800,0.0
cats_980,1,2035-01-01T00:00:00.000000-0800,0.0
cats_981,1,2035-01-01T00:00:00.000000-0800,0.0
cats_982,1,2035-01-01T00:00:00.000000-0800,0.0
cats_983,1,2035-01-01T00:00:00.000000-0800,0.0
cats_984,1,2035-01-01T00:00:00.000000-0800,0.0
cats_985,1,2035-01-01T00:00:00.000000-0800,0.0
cats_986,1,2035-01-01T00:00:00.000000-0800,0.0
cats_987,1,2035-01-01T00:00:00.000000-0800,0.0
cats_988,1,2035-01-01T00:00:00.000000-0800,0.0
cats_989,1,2035-01-01T00:00:00.000000-0800,0.0
cats_990,1,2035-01-01T00:00:00.000000-0800,0.0
cats_991,1,2035-01-01T00:00:00.000000-0800,0.0
cats_992,1,2035-01-01T00:00:00.000000-0800,0.0
cats_993,1,2035-01-01T00:00:00.000000-0800,0.0
cats_994,1,2035-01-01T00:00:00.000000-0800,0.0
cats_995,1,2035-01-01T00:00:00.000000-0800,0.0
cats_996,1,2035-01-01T00:00:00.000000-0800,0.0
cats_997,1,2035-01-01T00:00:00.000000-0800,0.0
cats_998,1,2035-01-01T00:00:00.000000-0800,0.0
cats_999,1,2035-01-01T00:00:00.000000-0800,0.0
cats_1000,1,2035-01-01T00:00:00.000000-0800,0.0
cats_1001,1,2035-01-01T00:00:00.000000-0800,0.0
cats_1002,1,2035-01-01T00:00:00.000000-0800,0.0
cats_1003,1,2035-01-01T00:00:00.000000-0800,0.0
cats_1004,1,2035-01-01T00:00:00.000000-0800,0.0
cats_1005,1,2035-01-01T00:00:00.000000-0800,0.0
cats_1006,1,2035-01-01T00:00:00.000000-0800,0.0
cats_1007,1,2035-01-01T00:00:00.000000-0800,0.0
cats_1008,1,2035-01-01T00:00:00.000000-0800,0.0
cats_1009,1,2035-01-01T00:00:00.000000-0800,0.0
cats_1010,1,2035-01-01T00:00:00.000000-0800,0.0
cats_1011,1,2035-01-01T00:00:00.000000-0800,0.0
cats_1012,1,2035-01-01T00:00:00.000000-0800,0.0
cats_1013,1,2035-01-01T00:00:00.000000-0800,0.0
cats_1014,1,2035-01-01T00:00:00.000000-0800,0.0
cats_1015,1,2035-01-01T00:00:00.000000-0800,0.0
cats_1016,1,2035-01-01T00:00:00.000000-0800,0.0
cats_1017,1,2035-01-01T00:00:00.000000-0800,0.0
cats_1018,1,2035-01-01T00:00:00.000000-0800,0.0
cats_1019,1,2035-01-01T00:00:00.000000-0800,0.0
cats_1020,1,2035-01-01T00:00:00.000000-0800,0.0
cats_1021,1,2035-01-01T00:00:00.000000-0800,0.0
cats_1022,1,2035-01-01T00:00:00.000000-0800,0.0
cats_1023,1,2035-01-01T00:00:00.000000-0800,0.0
cats_1024,1,2035-01-01T00:00:00.000000-0800,0.0
cats_1025,1,2035-01-01T00:00:00.000000-0800,0.0
cats_1026,1,2035-01-01T00:00:00.000000-0800,0.0
cats_1027,1,2035-01-01T00:00:00.000000-0800,0.0
cats_1028,1,2035-01-01T00:00:00.000000-0800,0.0
cats_1029,1,2035-01-01T00:00:00.000000-0800,0.0
cats_1030,1,2035-01-01T00:00:00.000000-0800,0.0
cats_1031,1,2035-01-01T00:00:00.000000-0800,0.0
cats_1032,1,2035-01-01T00:00:00.000000-0800,0.0
cats_1033,1,2035-01-01T00:00:00.000000-0800,0.0
cats_1034,1,2035-01-01T00:00:00.000000-0800,0.0
cats_1035,1,2035-01-01T00:00:00.000000-0800,0.0
cats_1036,1,2035-01-01T00:00:00.000000-0800,0.0
cats_1037,1,2035-01-01T00:00:00.000000-0800,0.0
cats_1038,1,2035-01-01T00:00:00.000000-0800,0.0
cats_1039,1,2035-01-01T00:00:00.000000-0800,0.0
cats_1040,1,2035-01-01T00:00:00.000000-0800,0.0
cats_1041,1,2035-01-01T00:00:00.000000-0800,0.0
cats_1042,1,2035-01-01T00:00:00.000000-0800,0.0
cats_1043,1,2035-01-01T00:00:00.000000-0800,0.0
cats_1044,1,2035-01-01T00:00:00.000000-0800,0.0
cats_1045,1,2035-01-01T00:00:00.000000-0800,0.0
cats_1046,1,2035-01-01T00:00:00.000000-0800,0.0
cats_1047,1,2035-01-01T00:00:00.000000-0800,0.0
cats_1048,1,2035-01-01T00:00:00.000000-0800,0.0
cats_1049,1,2035-01-01T00:00:00.000000-0800,0.0
cats_1050,1,2035-01-01T00:00:00.000000-0800,0.0
cats_1051,1,2035-01-01T00:00:00.000000-0800,0.0
cats_1052,1,2035-01-01T00:00:00.000000-0800,0.0
cats_1053,1,2035-01-01T00:00:00.000000-0800,0.0
cats_1054,1,2035-01-01T00:00:00.000000-0800,0.0
cats_1055,1,2035-01-01T00:00:00.000000-0800,0.0
cats_1056,1,2035-01-01T00:00:00.000000-0800,0.0
cats_1057,1,2035-01-01T00:00:00.000000-0800,0.0
cats_1058,1,2035-01-01T00:00:00.000000-0800,0.0
cats_1059,1,2035-01-01T00:00:00.000000-0800,0.0
cats_1060,1,2035-01-01T00:00:00.000000-0800,0.0
cats_1061,1,2035-01-01T00:00:00.000000-0800,0.0
cats_1062,1,2035-01-01T00:00:00.000000-0800,0.0
cats_1063,1,2035-01-01T00:00:00.000000-0800,0.0
cats_1064,1,2035-01-01T00:00:00.000000-0800,0.0
cats_1065,1,2035-01-01T00:00:00.000000-0800,0.0
cats_1066,1,2035-01-01T00:00:00.000000-0800,0.0
cats_1067,1,2035-01-01T00:00:00.000000-0800,0.0
cats_1068,1,2035-01-01T00:00:00.000000-0800,0.0
cats_1069,1,2035-01-01T00:00:00.000000-0800,0.0
cats_1070,1,2035-01-01T00:00:00.000000-0800,0.0
cats_1071,1,2035-01-01T00:00:00.000000-0800,0.0
cats_1072,1,2035-01-01T00:00:00.000000-0800,0.0
cats_1073,1,2035-01-01T00:00:00.000000-0800,0.0
cats_1074,1,2035-01-01T00:00:00.000000-0800,0.0
cats_1075,1,2035-01-01T00:00:00.000000-0800,0.0
cats_1076,1,2035-01-01T00:00:00.000000-0800,0.0
cats_1077,1,2035-01-01T00:00:00.000000-0800,0.0
cats_1078,1,2035-01-01T00:00:00.000000-0800,0.0
cats_1079,1,2035-01-01T00:00:00.000000-0800,0.0
cats_1080,1,2035-01-01T00:00:00.000000-0800,0.0
cats_1081,1,2035-01-01T00:00:00.000000-0800,0.0
cats_1082,1,2035-01-01T00:00:00.000000-0800,0.0
cats_1083,1,2035-01-01T00:00:00.000000-0800,0.0
cats_1084,1,2035-01-01T00:00:00.000000-0800,0.0
cats_1085,1,2035-01-01T00:00:00.000000-0800,0.0
cats_1086,1,2035-01-01T00:00:00.000000-0800,0.0
cats_1087,1,2035-01-01T00:00:00.000000-0800,0.0
cats_1088,1,2035-01-01T00:00:00.000000-0800,0.0
cats_1089,1,2035-01-01T00:00:00.000000-0800,0.0
cats_1090,1,2035-01-01T00:00:00.000000-0800,0.0
cats_1091,1,2035-01-01T00:00:00.000000-0800,0.0
cats_1092,1,2035-01-01T00:00:00.000000-0800,0.0
cats_1093,1,2035-01-01T00:00:00.000000-0800,0.0
cats_1094,1,2035-01-01T00:00:00.000000-0800,0.0
cats_1095,1,2035-01-01T00:00:00.000000-0800,0.0
cats_1096,1,2035-01-01T00:00:00.000000-0800,0.0
cats_1097,1,2035-01-01T00:00:00.000000-0800,0.0
cats_1098,1,2035-01-01T00:00:00.000000-0800,0.0
cats_1099,1,2035-01-01T00:00:00.000000-0800,0.0
cats_1100,1,2035-01-01T00:00:00.000000-0800,0.0
cats_1101,1,2035-01-01T00:00:00.000000-0800,0.0
cats_1102,1,2035-01-01T00:00:00.000000-0800,0.0
cats_1103,1,2035-01-01T00:00:00.000000-0800,0.0
cats_1104,1,2035-01-01T00:00:00.000000-0800,0.0
cats_1105,1,2035-01-01T00:00:00.000000-0800,0.0
cats_1106,1,2035-01-01T00:00:00.000000-0800,0.0
cats_1107,1,2035-01-01T00:00:00.000000-0800,0.0
cats_1108,1,2035-01-01T00:00:00.000000-0800,0.0
cats_1109,1,2035-01-01T00:00:00.000000-0800,0.0
cats_1110,1,2035-01-01T00:00:00.000000-0800,0.0
cats_1111,1,2035-01-01T00:00:00.000000-0800,0.0
cats_1112,1,2035-01-01T00:00:00.000000-0800,0.0
cats_1113,1,2035-01-01T00:00:00.000000-0800,0.0
cats_1114,1,2035-01-01T00:00:00.000000-0800,0.0
cats_1115,1,2035-01-01T00:00:00.000000-0800,0.0
cats_1116,1,2035-01-01T00:00:00.000000-0800,0.0
cats_1117,1,2035-01-01T00:00:00.000000-0800,0.0
cats_1118,1,2035-01-01T00:00:00.000000-0800,0.0
cats_1119,1,2035-01-01T00:00:00.000000-0800,0.0
cats_1120,1,2035-01-01T00:00:00.000000-0800,0.0
cats_1121,1,2035-01-01T00:00:00.000000-0800,0.0
cats_1122,1,2035-01-01T00:00:00.000000-0800,0.0
cats_1123,1,2035-01-01T00:00:00.000000-0800,0.0
cats_1124,1,2035-01-01T00:00:00.000000-0800,0.0
cats_1125,1,2035-01-01T00:00:00.000000-0800,0.0
cats_1126,1,2035-01-01T00:00:00.000000-0800,0.0
cats_1127,1,2035-01-01T00:00:00.000000-0800,0.0
cats_1128,1,2035-01-01T00:00:00.000000-0800,0.0
cats_1129,1,2035-01-01T00:00:00.000000-0800,0.0
cats_1130,1,2035-01-01T00:00:00.000000-0800,0.0
cats_1131,1,2035-01-01T00:00:00.000000-0800,0.0
cats_1132,1,2035-01-01T00:00:00.000000-0800,0.0
cats_1133,1,2035-01-01T00:00:00.000000-0800,0.0
cats_1134,1,2035-01-01T00:00:00.000000-0800,0.0
cats_1135,1,2035-01-01T00:00:00.000000-0800,0.0
cats_1136,1,2035-01-01T00:00:00.000000-0800,0.0
cats_1137,1,2035-01-01T00:00:00.000000-0800,0.0
cats_1138,1,2035-01-01T00:00:00.000000-0800,0.0
cats_1139,1,2035-01-01T00:00:00.000000-0800,0.0
cats_1140,1,2035-01-01T00:00:00.000000-0800,0.0
cats_1141,1,2035-01-01T00:00:00.000000-0800,0.0
cats_1142,1,2035-01-01T00:00:00.000000-0800,0.0
cats_1143,1,2035-01-01T00:00:00.000000-0800,0.0
cats_1144,1,2035-01-01T00:00:00.000000-0800,0.0
cats_1145,1,2035-01-01T00:00:00.000000-0800,0.0
cats_1146,1,2035-01-01T00:00:00.000000-0800,0.0
cats_1147,1,2035-01-01T00:00:00.000000-0800,0.0
cats_1148,1,2035-01-01T00:00:00.000000-0800,0.0
cats_1149,1,2035-01-01T00:00:00.000000-0800,0.0
cats_1150,1,2035-01-01T00:00:00.000000-0800,0.0
cats_1151,1,2035-01-01T00:00:00.000000-0800,0.0
cats_1152,1,2035-01-01T00:00:00.000000-0800,0.0
cats_1153,1,2035-01-01T00:00:00.000000-0800,0.0
cats_1154,1,2035-01-01T00:00:00.000000-0800,0.0
cats_1155,1,2035-01-01T00:00:00.000000-0800,0.0
cats_1156,1,2035-01-01T00:00:00.000000-0800,0.0
cats_1157,1,2035-01-01T00:00:00.000000-0800,0.0
cats_1158,1,2035-01-01T00:00:00.000000-0800,0.0
cats_1159,1,2035-01-01T00:00:00.000000-0800,0.0
cats_1160,1,2035-01-01T00:00:00.000000-0800,0.0
cats_1161,1,2035-01-01T00:00:00.000000-0800,0.0
cats_1162,1,2035-01-01T00:00:00.000000-0800,0.0
cats_1163,1,2035-01-01T00:00:00.000000-0800,0.0
cats_1164,1,2035-01-01T00:00:00.000000-0800,0.0
cats_1165,1,2035-01-01T00:00:00.000000-0800,0.0
cats_1166,1,2035-01-01T00:00:00.000000-0800,0.0
cats_1167,1,2035-01-01T00:00:00.000000-0800,0.0
cats_1168,1,2035-01-01T00:00:00.000000-0800,0.0
cats_1169,1,2035-01-01T00:00:00.000000-0800,0.0
cats_1170,1,2035-01-01T00:00:00.000000-0800,0.0
cats_1171,1,2035-01-01T00:00:00.000000-0800,0.0
cats_1172,1,2035-01-01T00:00:00.000000-0800,0.0
cats_1173,1,2035-01-01T00:00:00.000000-0800,0.0
cats_1174,1,2035-01-01T00:00:00.000000-0800,0.0
cats_1175,1,2035-01-01T00:00:00.000000-0800,0.0
cats_1176,1,2035-01-01T00:00:00.000000-0800,0.0
cats_1177,1,2035-01-01T00:00:00.000000-0800,0.0
cats_1178,1,2035-01-01T00:00:00.000000-0800,0.0
cats_1179,1,2035-01-01T00:00:00.000000-0800,0.0
cats_1180,1,2035-01-01T00:00:00.000000-0800,0.0
cats_1181,1,2035-01-01T00:00:00.000000-0800,0.0
cats_1182,1,2035-01-01T00:00:00.000000-0800,0.0
cats_1183,1,2035-01-01T00:00:00.000000-0800,0.0
cats_1184,1,2035-01-01T00:00:00.000000-0800,0.0
cats_1185,1,2035-01-01T00:00:00.000000-0800,0.0
cats_1186,1,2035-01-01T00:00:00.000000-0800,0.0
cats_1187,1,2035-01-01T00:00:00.000000-0800,0.0
cats_1188,1,2035-01-01T00:00:00.000000-0800,0.0
cats_1189,1,2035-01-01T00:00:00.000000-0800,0.0
cats_1190,1,2035-01-01T00:00:00.000000-0800,0.0
cats_1191,1,2035-01-01T00:00:00.000000-0800,0.0
cats_1192,1,2035-01-01T00:00:00.000000-0800,0.0
cats_1193,1,2035-01-01T00:00:00.000000-0800,0.0
cats_1194,1,2035-01-01T00:00:00.000000-0800,0.0
cats_1195,1,2035-01-01T00:00:00.000000-0800,0.0
cats_1196,1,2035-01-01T00:00:00.000000-0800,0.0
cats_1197,1,2035-01-01T00:00:00.000000-0800,0.0
cats_1198,1,2035-01-01T00:00:00.000000-0800,0.0
cats_1199,1,2035-01-01T00:00:00.000000-0800,0.0
cats_1200,1,2035-01-01T00:00:00.000000-0800,0.0
cats_1201,1,2035-01-01T00:00:00.000000-0800,0.0
cats_1202,1,2035-01-01T00:00:00.000000-0800,0.0
cats_1203,1,2035-01-01T00:00:00.000000-0800,0.0
cats_1204,1,2035-01-01T00:00:00.000000-0800,0.0
cats_1205,1,2035-01-01T00:00:00.000000-0800,0.0
cats_1206,1,2035-01-01T00:00:00.000000-0800,0.0
cats_1207,1,2035-01-01T00:00:00.000000-0800,0.0
cats_1208,1,2035-01-01T00:00:00.000000-0800,0.0
cats_1209,1,2035-01-01T00:00:00.000000-0800,0.0
cats_1210,1,2035-01-01T00:00:00.000000-0800,0.0
cats_1211,1,2035-01-01T00:00:00.000000-0800,0.0
cats_1212,1,2035-01-01T00:00:00.000000-0800,0.0
cats_1213,1,2035-01-01T00:00:00.000000-0800,0.0
cats_1214,1,2035-01-01T00:00:00.000000-0800,0.0
cats_1215,1,2035-01-01T00:00:00.000000-0800,0.0
cats_1216,1,2035-01-01T00:00:00.000000-0800,0.0
cats_1217,1,2035-01-01T00:00:00.000000-0800,0.0
cats_1218,1,2035-01-01T00:00:00.000000-0800,0.0
cats_1219,1,2035-01-01T00:00:00.000000-0800,0.0
cats_1220,1,2035-01-01T00:00:00.000000-0800,0.0
cats_1221,1,2035-01-01T00:00:00.000000-0800,0.0
cats_1222,1,2035-01-01T00:00:00.000000-0800,0.0
cats_1223,1,2035-01-01T00:00:00.000000-0800,0.0
cats_1224,1,2035-01-01T00:00:00.000000-0800,0.0
cats_1225,1,2035-01-01T00:00:00.000000-0800,0.0
cats_1226,1,2035-01-01T00:00:00.000000-0800,0.0
cats_1227,1,2035-01-01T00:00:00.000000-0800,0.0
cats_1228,1,2035-01-01T00:00:00.000000-0800,0.0
cats_1229,1,2035-01-01T00:00:00.000000-0800,0.0
cats_1230,1,2035-01-01T00:00:00.000000-0800,0.0
cats_1231,1,2035-01-01T00:00:00.000000-0800,0.0
cats_1232,1,2035-01-01T00:00:00.000000-0800,0.0
cats_1233,1,2035-01-01T00:00:00.000000-0800,0.0
cats_1234,1,2035-01-01T00:00:00.000000-0800,0.0
cats_1235,1,2035-01-01T00:00:00.000000-0800,0.0
cats_1236,1,2035-01-01T00:00:00.000000-0800,0.0
cats_1237,1,2035-01-01T00:00:00.000000-0800,0.0
cats_1238,1,2035-01-01T00:00:00.000000-0800,0.0
cats_1239,1,2035-01-01T00:00:00.000000-0800,0.0
cats_1240,1,2035-01-01T00:00:00.000000-0800,0.0
cats_1241,1,2035-01-01T00:00:00.000000-0800,0.0
cats_1242,1,2035-01-01T00:00:00.000000-0800,0.0
cats_1243,1,2035-01-01T00:00:00.000000-0800,0.0
cats_1244,1,2035-01-01T00:00:00.000000-0800,0.0
cats_1245,1,2035-01-01T00:00:00.000000-0800,0.0
cats_1246,1,2035-01-01T00:00:00.000000-0800,0.0
cats_1247,1,2035-01-01T00:00:00.000000-0800,0.0
cats_1248,1,2035-01-01T00:00:00.000000-0800,0.0
cats_1249,1,2035-01-01T00:00:00.000000-0800,0.0
cats_1250,1,2035-01-01T00:00:00.000000-0800,0.0
cats_1251,1,2035-01-01T00:00:00.000000-0800,0.0
cats_1252,1,2035-01-01T00:00:00.000000-0800,0.0
cats_1253,1,2035-01-01T00:00:00.000000-0800,0.0
cats_1254,1,2035-01-01T00:00:00.000000-0800,0.0
cats_1255,1,2035-01-01T00:00:00.000000-0800,0.0
cats_1256,1,2035-01-01T00:00:00.000000-0800,0.0
cats_1257,1,2035-01-01T00:00:00.000000-0800,0.0
cats_1258,1,2035-01-01T00:00:00.000000-0800,0.0
cats_1259,1,2035-01-01T00:00:00.000000-0800,0.0
cats_1260,1,2035-01-01T00:00:00.000000-0800,0.0
cats_1261,1,2035-01-01T00:00:00.000000-0800,0.0
cats_1262,1,2035-01-01T00:00:00.000000-0800,0.0
cats_1263,1,2035-01-01T00:00:00.000000-0800,0.0
cats_1264,1,2035-01-01T00:00:00.000000-0800,0.0
cats_1265,1,2035-01-01T00:00:00.000000-0800,0.0
cats_1266,1,2035-01-01T00:00:00.000000-0800,0.0
cats_1267,1,2035-01-01T00:00:00.000000-0800,0.0
cats_1268,1,2035-01-01T00:00:00.000000-0800,0.0
cats_1269,1,2035-01-01T00:00:00.000000-0800,0.0
cats_1270,1,2035-01-01T00:00:00.000000-0800,0.0
cats_1271,1,2035-01-01T00:00:00.000000-0800,0.0
cats_1272,1,2035-01-01T00:00:00.000000-0800,0.0
cats_1273,1,2035-01-01T00:00:00.000000-0800,0.0
cats_1274,1,2035-01-01T00:00:00.000000-0800,0.0
cats_1275,1,2035-01-01T00:00:00.000000-0800,0.0
cats_1276,1,2035-01-01T00:00:00.000000-0800,0.0
cats_1277,1,2035-01-01T00:00:00.000000-0800,0.0
cats_1278,1,2035-01-01T00:00:00.000000-0800,0.0
cats_1279,1,2035-01-01T00:00:00.000000-0800,0.0
cats_1280,1,2035-01-01T00:00:00.000000-0800,0.0
cats_1281,1,2035-01-01T00:00:00.000000-0800,0.0
cats_1282,1,2035-01-01T00:00:00.000000-0800,0.0
cats_1283,1,2035-01-01T00:00:00.000000-0800,0.0
cats_1284,1,2035-01-01T00:00:00.000000-0800,0.0
cats_1285,1,2035-01-01T00:00:00.000000-0800,0.0
cats_1286,1,2035-01-01T00:00:00.000000-0800,0.0
cats_1287,1,2035-01-01T00:00:00.000000-0800,0.0
cats_1288,1,2035-01-01T00:00:00.000000-0800,0.0
cats_1289,1,2035-01-01T00:00:00.000000-0800,0.0
cats_1290,1,2035-01-01T00:00:00.000000-0800,0.0
cats_1291,1,2035-01-01T00:00:00.000000-0800,0.0
cats_1292,1,2035-01-01T00:00:00.000000-0800,0.0
cats_1293,1,2035-01-01T00:00:00.000000-0800,0.0
cats_1294,1,2035-01-01T00:00:00.000000-0800,0.0
cats_1295,1,2035-01-01T00:00:00.000000-0800,0.0
cats_1296,1,2035-01-01T00:00:00.000000-0800,0.0
cats_1297,1,2035-01-01T00:00:00.000000-0800,0.0
cats_1298,1,2035-01-01T00:00:00.000000-0800,0.0
cats_1299,1,2035-01-01T00:00:00.000000-0800,0.0
cats_1300,1,2035-01-01T00:00:00.000000-0800,0.0
cats_1301,1,2035-01-01T00:00:00.000000-0800,0.0
cats_1302,1,2035-01-01T00:00:00.000000-0800,0.0
cats_1303,1,2035-01-01T00:00:00.000000-0800,0.0
cats_1304,1,2035-01-01T00:00:00.000000-0800,0.0
cats_1305,1,2035-01-01T00:00:00.000000-0800,0.0
cats_1306,1,2035-01-01T00:00:00.000000-0800,0.0
cats_1307,1,2035-01-01T00:00:00.000000-0800,0.0
cats_1308,1,2035-01-01T00:00:00.000000-0800,0.0
cats_1309,1,2035-01-01T00:00:00.000000-0800,0.0
cats_1310,1,2035-01-01T00:00:00.000000-0800,0.0
cats_1311,1,2035-01-01T00:00:00.000000-0800,0.0
cats_1312,1,2035-01-01T00:00:00.000000-0800,0.0
cats_1313,1,2035-01-01T00:00:00.000000-0800,0.0
cats_1314,1,2035-01-01T00:00:00.000000-0800,0.0
cats_1315,1,2035-01-01T00:00:00.000000-0800,0.0
cats_1316,1,2035-01-01T00:00:00.000000-0800,0.0
cats_1317,1,2035-01-01T00:00:00.000000-0800,0.0
cats_1318,1,2035-01-01T00:00:00.000000-0800,0.0
cats_1319,1,2035-01-01T00:00:00.000000-0800,0.0
cats_1320,1,2035-01-01T00:00:00.000000-0800,0.0
cats_1321,1,2035-01-01T00:00:00.000000-0800,0.0
cats_1322,1,2035-01-01T00:00:00.000000-0800,0.0
cats_1323,1,2035-01-01T00:00:00.000000-0800,0.0
cats_1324,1,2035-01-01T00:00:00.000000-0800,0.0
cats_1325,1,2035-01-01T00:00:00.000000-0800,0.0
cats_1326,1,2035-01-01T00:00:00.000000-0800,0.0
cats_1327,1,2035-01-01T00:00:00.000000-0800,0.0
cats_1328,1,2035-01-01T00:00:00.000000-0800,0.0
cats_1329,1,2035-01-01T00:00:00.000000-0800,0.0
cats_1330,1,2035-01-01T00:00:00.000000-0800,0.0
cats_1331,1,2035-01-01T00:00:00.000000-0800,0.0
cats_1332,1,2035-01-01T00:00:00.000000-0800,0.0
cats_1333,1,2035-01-01T00:00:00.000000-0800,0.0
cats_1334,1,2035-01-01T00:00:00.000000-0800,0.0
cats_1335,1,2035-01-01T00:00:00.000000-0800,0.0
cats_1336,1,2035-01-01T00:00:00.000000-0800,0.0
cats_1337,1,2035-01-01T00:00:00.000000-0800,0.0
cats_1338,1,2035-01-01T00:00:00.000000-0800,0.0
cats_1339,1,2035-01-01T00:00:00.000000-0800,0.0
cats_1340,1,2035-01-01T00:00:00.000000-0800,0.0
cats_1341,1,2035-01-01T00:00:00.000000-0800,0.0
cats_1342,1,2035-01-01T00:00:00.000000-0800,0.0
cats_1343,1,2035-01-01T00:00:00.000000-0800,0.0
cats_1344,1,2035-01-01T00:00:00.000000-0800,0.0
cats_1345,1,2035-01-01T00:00:00.000000-0800,0.0
cats_1346,1,2035-01-01T00:00:00.000000-0800,0.0
cats_1347,1,2035-01-01T00:00:00.000000-0800,0.0
cats_1348,1,2035-01-01T00:00:00.000000-0800,0.0
cats_1349,1,2035-01-01T00:00:00.000000-0800,0.0
cats_1350,1,2035-01-01T00:00:00.000000-0800,0.0
cats_1351,1,2035-01-01T00:00:00.000000-0800,0.0
cats_1352,1,2035-01-01T00:00:00.000000-0800,0.0
cats_1353,1,2035-01-01T00:00:00.000000-0800,0.0
cats_1354,1,2035-01-01T00:00:00.000000-0800,0.0
cats_1355,1,2035-01-01T00:00:00.000000-0800,0.0
cats_1356,1,2035-01-01T00:00:00.000000-0800,0.0
cats_1357,1,2035-01-01T00:00:00.000000-0800,0.0
cats_1358,1,2035-01-01T00:00:00.000000-0800,0.0
cats_1359,1,2035-01-01T00:00:00.000000-0800,0.0
cats_1360,1,2035-01-01T00:00:00.000000-0800,0.0
cats_1361,1,2035-01-01T00:00:00.000000-0800,0.0
cats_1362,1,2035-01-01T00:00:00.000000-0800,0.0
cats_1363,1,2035-01-01T00:00:00.000000-0800,0.0
cats_1364,1,2035-01-01T00:00:00.000000-0800,0.0
cats_1365,1,2035-01-01T00:00:00.000000-0800,0.0
cats_1366,1,2035-01-01T00:00:00.000000-0800,0.0
cats_1367,1,2035-01-01T00:00:00.000000-0800,0.0
cats_1368,1,2035-01-01T00:00:00.000000-0800,0.0
cats_1369,1,2035-01-01T00:00:00.000000-0800,0.0
cats_1370,1,2035-01-01T00:00:00.000000-0800,0.0
cats_1371,1,2035-01-01T00:00:00.000000-0800,0.0
cats_1372,1,2035-01-01T00:00:00.000000-0800,0.0
cats_1373,1,2035-01-01T00:00:00.000000-0800,0.0
cats_1374,1,2035-01-01T00:00:00.000000-0800,0.0
cats_1375,1,2035-01-01T00:00:00.000000-0800,0.0
cats_1376,1,2035-01-01T00:00:00.000000-0800,0.0
cats_1377,1,2035-01-01T00:00:00.000000-0800,0.0
cats_1378,1,2035-01-01T00:00:00.000000-0800,0.0
cats_1379,1,2035-01-01T00:00:00.000000-0800,0.0
cats_1380,1,2035-01-01T00:00:00.000000-0800,0.0
cats_1381,1,2035-01-01T00:00:00.000000-0800,0.0
cats_1382,1,2035-01-01T00:00:00.000000-0800,0.0
cats_1383,1,2035-01-01T00:00:00.000000-0800,0.0
cats_1384,1,2035-01-01T00:00:00.000000-0800,0.0
cats_1385,1,2035-01-01T00:00:00.000000-0800,0.0
cats_1386,1,2035-01-01T00:00:00.000000-0800,0.0
cats_1387,1,2035-01-01T00:00:00.000000-0800,0.0
cats_1388,1,2035-01-01T00:00:00.000000-0800,0.0
cats_1389,1,2035-01-01T00:00:00.000000-0800,0.0
cats_1390,1,2035-01-01T00:00:00.000000-0800,0.0
cats_1391,1,2035-01-01T00:00:00.000000-0800,0.0
cats_1392,1,2035-01-01T00:00:00.000000-0800,0.0
cats_1393,1,2035-01-01T00:00:00.000000-0800,0.0
cats_1394,1,2035-01-01T00:00:00.000000-0800,0.0
cats_1395,1,2035-01-01T00:00:00.000000-0800,0.0
cats_1396,1,2035-01-01T00:00:00.000000-0800,0.0
cats_1397,1,2035-01-01T00:00:00.000000-0800,0.0
cats_1398,1,2035-01-01T00:00:00.000000-0800,0.0
cats_1399,1,2035-01-01T00:00:00.000000-0800,0.0
cats_1400,1,2035-01-01T00:00:00.000000-0800,0.0
cats_1401,1,2035-01-01T00:00:00.000000-0800,0.0
cats_1402,1,2035-01-01T00:00:00.000000-0800,0.0
cats_1403,1,2035-01-01T00:00:00.000000-0800,0.0
cats_1404,1,2035-01-01T00:00:00.000000-0800,0.0
cats_1405,1,2035-01-01T00:00:00.000000-0800,0.0
cats_1406,1,2035-01-01T00:00:00.000000-0800,0.0
cats_1407,1,2035-01-01T00:00:00.000000-0800,0.0
cats_1408,1,2035-01-01T00:00:00.000000-0800,0.0
cats_1409,1,2035-01-01T00:00:00.000000-0800,0.0
cats_1410,1,2035-01-01T00:00:00.000000-0800,0.0
cats_1411,1,2035-01-01T00:00:00.000000-0800,0.0
cats_1412,1,2035-01-01T00:00:00.000000-0800,0.0
cats_1413,1,2035-01-01T00:00:00.000000-0800,0.0
cats_1414,1,2035-01-01T00:00:00.000000-0800,0.0
cats_1415,1,2035-01-01T00:00:00.000000-0800,0.0
cats_1416,1,2035-01-01T00:00:00.000000-0800,0.0
cats_1417,1,2035-01-01T00:00:00.000000-0800,0.0
cats_1418,1,2035-01-01T00:00:00.000000-0800,0.0
cats_1419,1,2035-01-01T00:00:00.000000-0800,0.0
cats_1420,1,2035-01-01T00:00:00.000000-0800,0.0
cats_1421,1,2035-01-01T00:00:00.000000-0800,0.0
cats_1422,1,2035-01-01T00:00:00.000000-0800,0.0
cats_1423,1,2035-01-01T00:00:00.000000-0800,0.0
cats_1424,1,2035-01-01T00:00:00.000000-0800,0.0
cats_1425,1,2035-01-01T00:00:00.000000-0800,0.0
cats_1426,1,2035-01-01T00:00:00.000000-0800,0.0
cats_1427,1,2035-01-01T00:00:00.000000-0800,0.0
cats_1428,1,2035-01-01T00:00:00.000000-0800,0.0
cats_1429,1,2035-01-01T00:00:00.000000-0800,0.0
cats_1430,1,2035-01-01T00:00:00.000000-0800,0.0
cats_1431,1,2035-01-01T00:00:00.000000-0800,0.0
cats_1432,1,2035-01-01T00:00:00.000000-0800,0.0
cats_1433,1,2035-01-01T00:00:00.000000-0800,0.0
cats_1434,1,2035-01-01T00:00:00.000000-0800,0.0
cats_1435,1,2035-01-01T00:00:00.000000-0800,0.0
cats_1436,1,2035-01-01T00:00:00.000000-0800,0.0
cats_1437,1,2035-01-01T00:00:00.000000-0800,0.0
cats_1438,1,2035-01-01T00:00:00.000000-0800,0.0
cats_1439,1,2035-01-01T00:00:00.000000-0800,0.0
cats_1440,1,2035-01-01T00:00:00.000000-0800,0.0
cats_1441,1,2035-01-01T00:00:00.000000-0800,0.0
cats_1442,1,2035-01-01T00:00:00.000000-0800,0.0
cats_1443,1,2035-01-01T00:00:00.000000-0800,0.0
cats_1444,1,2035-01-01T00:00:00.000000-0800,0.0
cats_1445,1,2035-01-01T00:00:00.000000-0800,0.0
cats_1446,1,2035-01-01T00:00:00.000000-0800,0.0
cats_1447,1,2035-01-01T00:00:00.000000-0800,0.0
cats_1448,1,2035-01-01T00:00:00.000000-0800,0.0
cats_1449,1,2035-01-01T00:00:00.000000-0800,0.0
cats_1450,1,2035-01-01T00:00:00.000000-0800,0.0
cats_1451,1,2035-01-01T00:00:00.000000-0800,0.0
cats_1452,1,2035-01-01T00:00:00.000000-0800,0.0
cats_1453,1,2035-01-01T00:00:00.000000-0800,0.0
cats_1454,1,2035-01-01T00:00:00.000000-0800,0.0
cats_1455,1,2035-01-01T00:00:00.000000-0800,0.0
cats_1456,1,2035-01-01T00:00:00.000000-0800,0.0
cats_1457,1,2035-01-01T00:00:00.000000-0800,0.0
cats_1458,1,2035-01-01T00:00:00.000000-0800,0.0
cats_1459,1,2035-01-01T00:00:00.000000-0800,0.0
cats_1460,1,2035-01-01T00:00:00.000000-0800,0.0
cats_1461,1,2035-01-01T00:00:00.000000-0800,0.0
cats_1462,1,2035-01-01T00:00:00.000000-0800,0.0
cats_1463,1,2035-01-01T00:00:00.000000-0800,0.0
cats_1464,1,2035-01-01T00:00:00.000000-0800,0.0
cats_1465,1,2035-01-01T00:00:00.000000-0800,0.0
cats_1466,1,2035-01-01T00:00:00.000000-0800,0.0
cats_1467,1,2035-01-01T00:00:00.000000-0800,0.0
cats_1468,1,2035-01-01T00:00:00.000000-0800,0.0
cats_1469,1,2035-01-01T00:00:00.000000-0800,0.0
cats_1470,1,2035-01-01T00:00:00.000000-0800,0.0
cats_1471,1,2035-01-01T00:00:00.000000-0800,0.0
cats_1472,1,2035-01-01T00:00:00.000000-0800,0.0
cats_1473,1,2035-01-01T00:00:00.000000-0800,0.0
cats_1474,1,2035-01-01T00:00:00.000000-0800,0.0
cats_1475,1,2035-01-01T00:00:00.000000-0800,0.0
cats_1476,1,2035-01-01T00:00:00.000000-0800,0.0
cats_1477,1,2035-01-01T00:00:00.000000-0800,0.0
cats_1478,1,2035-01-01T00:00:00.000000-0800,0.0
cats_1479,1,2035-01-01T00:00:00.000000-0800,0.0
cats_1480,1,2035-01-01T00:00:00.000000-0800,0.0
cats_1481,1,2035-01-01T00:00:00.000000-0800,0.0
cats_1482,1,2035-01-01T00:00:00.000000-0800,0.0
cats_1483,1,2035-01-01T00:00:00.000000-0800,0.0
cats_1484,1,2035-01-01T00:00:00.000000-0800,0.0
cats_1485,1,2035-01-01T00:00:00.000000-0800,0.0
cats_1486,1,2035-01-01T00:00:00.000000-0800,0.0
cats_1487,1,2035-01-01T00:00:00.000000-0800,0.0
cats_1488,1,2035-01-01T00:00:00.000000-0800,0.0
